https://pybistuff.wordpress.com/tag/dos,/categories/dos.html
https://pybistuff.wordpress.com/tag/senza-categoria,/categories/senza-categoria.html
https://pybistuff.wordpress.com/2017/04/18/sql-find-running-queries-with-a-simple-t-sql-script/,https://pybistuff.wordpress.com/posts/2017/04/18/sql-find-running-queries-with-a-simple-t-sql-script.html
https://pybistuff.wordpress.com/tag/reddit-news,/categories/reddit-news.html
https://pybistuff.wordpress.com/2017/03/28/python-news-from-the-reddit-last-week-of-march/,https://pybistuff.wordpress.com/posts/2017/03/28/python-news-from-the-reddit-last-week-of-march.html
https://pybistuff.wordpress.com/2017/03/24/python-how-to-work-with-json/,https://pybistuff.wordpress.com/posts/2017/03/24/python-how-to-work-with-json.html
https://pybistuff.wordpress.com/tag/cmd,/categories/cmd.html
https://pybistuff.wordpress.com/tag/sql,/categories/sql.html
https://pybistuff.wordpress.com/2017/04/19/python-quick-stopwords-with-nltk/,https://pybistuff.wordpress.com/posts/2017/04/19/python-quick-stopwords-with-nltk.html
https://pybistuff.wordpress.com/informazioni/,https://pybistuff.wordpress.com/pages/informazioni.html
https://pybistuff.wordpress.com/2017/03/16/python-get-method/,https://pybistuff.wordpress.com/posts/2017/03/16/python-get-method.html
https://pybistuff.wordpress.com/2a-pagina-figlia/,https://pybistuff.wordpress.com/pages/2a-pagina-figlia.html
https://pybistuff.wordpress.com/2017/04/20/python-count-frequencies-with-nltk/,https://pybistuff.wordpress.com/posts/2017/04/20/python-count-frequencies-with-nltk.html
https://pybistuff.wordpress.com/blog/,https://pybistuff.wordpress.com/pages/blog.html
https://pybistuff.wordpress.com/tag/fix,/categories/fix.html
https://pybistuff.wordpress.com/2017/03/27/python-learning-lambda-functions-and-map-filter-and-reduce/,https://pybistuff.wordpress.com/posts/2017/03/27/python-learning-lambda-functions-and-map-filter-and-reduce.html
https://pybistuff.wordpress.com/2017/02/02/dos-fix-wifi-by-command-prompt/,https://pybistuff.wordpress.com/posts/2017/02/02/dos-fix-wifi-by-command-prompt.html
https://pybistuff.wordpress.com/2017/02/02/excel-how-to-filter-tables-based-on-cell-content-searchbox/,https://pybistuff.wordpress.com/posts/2017/02/02/excel-how-to-filter-tables-based-on-cell-content-searchbox.html
https://pybistuff.wordpress.com/tag/python,/categories/python.html
https://pybistuff.wordpress.com/pagina-figlia/,https://pybistuff.wordpress.com/pages/pagina-figlia.html
https://pybistuff.wordpress.com/tag/vba,/categories/vba.html
https://pybistuff.wordpress.com/tag/social-media,/categories/social-media.html
https://pybistuff.wordpress.com/tag/excel,/categories/excel.html
https://pybistuff.wordpress.com/tag/tsql,/categories/tsql.html
https://pybistuff.wordpress.com/tag/primary,/categories/primary.html
https://pybistuff.wordpress.com/2017/02/07/python-clean-sql-views-for-documentation/,https://pybistuff.wordpress.com/posts/2017/02/07/python-clean-sql-views-for-documentation.html
https://pybistuff.wordpress.com/2017/04/11/python-sql-how-to-connect-to-sql-via-python-pyodbc/,https://pybistuff.wordpress.com/posts/2017/04/11/python-sql-how-to-connect-to-sql-via-python-pyodbc.html
https://pybistuff.wordpress.com/2017/02/02/mssql-get-all-columns-from-tablesviews/,https://pybistuff.wordpress.com/posts/2017/02/02/mssql-get-all-columns-from-tablesviews.html
https://pybistuff.wordpress.com/2017/02/02/excel-format-cleaner-macro/,https://pybistuff.wordpress.com/posts/2017/02/02/excel-format-cleaner-macro.html
https://pybistuff.wordpress.com/contatti/,https://pybistuff.wordpress.com/pages/contatti.html
